dat_file,line_no,name,region,serial,code4,code4_in_3dstdb,code4_name,core_slug,dat_core_match_count,dat_core_match_type,dat_core_match_examples
Nintendo - Nintendo 3DS.dat,78,3D Game Collection - 55-en-1 (France),France,CTR-P-AD3F,AD3F,False,,3d_game_collection_55_en_1,0,none,
Nintendo - Nintendo 3DS.dat,278,Adventure Time - Hey Ice King! Why'd You Steal Our Garbage!! (USA) (Beta),USA,CTR-B-9DJN,9DJN,False,,adventure_time_hey_ice_king_why_d_you_steal_our_garbage,2,ambiguous_core_match,000400000009F200:Adventure Time - Hey Ice King! Why'd You Steal Our Garbage!! (USA) | 000400000009F200:Adventure Time - Hey Ice King! Why'd You Steal Our Garbage!! (USA) (Rev 1)
Nintendo - Nintendo 3DS.dat,288,Adventure Time - Hey Ice King! Why'd You Steal Our Garbage!! (USA) (Beta),USA,CTR-B-9DJN,9DJN,False,,adventure_time_hey_ice_king_why_d_you_steal_our_garbage,2,ambiguous_core_match,000400000009F200:Adventure Time - Hey Ice King! Why'd You Steal Our Garbage!! (USA) | 000400000009F200:Adventure Time - Hey Ice King! Why'd You Steal Our Garbage!! (USA) (Rev 1)
Nintendo - Nintendo 3DS.dat,298,Adventure Time - Hey Ice King! Why'd You Steal Our Garbage!! (USA) (Beta),USA,CTR-B-9DJN,9DJN,False,,adventure_time_hey_ice_king_why_d_you_steal_our_garbage,2,ambiguous_core_match,000400000009F200:Adventure Time - Hey Ice King! Why'd You Steal Our Garbage!! (USA) | 000400000009F200:Adventure Time - Hey Ice King! Why'd You Steal Our Garbage!! (USA) (Rev 1)
Nintendo - Nintendo 3DS.dat,308,Adventure Time - Hey Ice King! Why'd You Steal Our Garbage!! (USA) (Beta),USA,CTR-B-9DJN,9DJN,False,,adventure_time_hey_ice_king_why_d_you_steal_our_garbage,2,ambiguous_core_match,000400000009F200:Adventure Time - Hey Ice King! Why'd You Steal Our Garbage!! (USA) | 000400000009F200:Adventure Time - Hey Ice King! Why'd You Steal Our Garbage!! (USA) (Rev 1)
Nintendo - Nintendo 3DS.dat,473,Andro Dunos 2 (Europe),Europe,CTR-P-AXTP,AXTP,False,,andro_dunos_2,0,none,
Nintendo - Nintendo 3DS.dat,480,Andro Dunos 2 (USA),USA,CTR-P-AXTE,AXTE,False,,andro_dunos_2,0,none,
Nintendo - Nintendo 3DS.dat,2704,"Disney Princess - My Fairytale Adventure (Spain) (En,Es)",Spain,CTR-P-ADPS,ADPS,False,,disney_princess_my_fairytale_adventure,4,ambiguous_core_match,"00040000000A4F00:Disney Princess - My Fairytale Adventure (Europe) (En,Fr,Nl) | 00040000000A5000:Disney Princess - My Fairytale Adventure (Europe) (Fr,De,It) | 00040000000A5200:Disney Princess - My Fairytale Adventure (Europe) (Sv,No,Da) | 0004000000083900:Disney Princess - My Fairytale Adventure (USA) (En,Fr,Es)"
Nintendo - Nintendo 3DS.dat,2726,Disney Violetta - Rhythm & Music (USA),USA,CTR-P-BGRZ,BGRZ,False,,disney_violetta_rhythm_music,1,unique_core_match,"000400000012F400:Disney Violetta - Rhythm & Music (Europe) (En,Fr,De,Es,It,Pt)"
Nintendo - Nintendo 3DS.dat,2858,Doraemon - Jinguui Suhak Daemoheom (Korea),Korea,CTR-P-ADWK,ADWK,False,,doraemon_jinguui_suhak_daemoheom,0,none,
Nintendo - Nintendo 3DS.dat,3819,Fire Emblem If - Byakuya Oukoku (Taiwan) (Ja),Taiwan,CTR-P-BFXZ,BFXZ,False,,fire_emblem_if_byakuya_oukoku,1,unique_core_match,000400000012DC00:Fire Emblem If - Byakuya Oukoku (Japan)
Nintendo - Nintendo 3DS.dat,4216,Go! Go! Kokopolo - Harmonious Forest Revenge (USA),USA,CTR-P-A5LE,A5LE,False,,go_go_kokopolo_harmonious_forest_revenge,0,none,
Nintendo - Nintendo 3DS.dat,4222,Go! Go! Kokopolo 3D - Space Recipe For Disaster (USA),USA,CTR-P-A49E,A49E,False,,go_go_kokopolo_3d_space_recipe_for_disaster,0,none,
Nintendo - Nintendo 3DS.dat,4792,"Hidden Expedition - Titanic (Europe) (En,Fr,De,Nl) (Rev 2)",Europe,,,False,,hidden_expedition_titanic,1,unique_core_match,"00040000000D7200:Hidden Expedition - Titanic (Europe) (En,Fr,De,Nl)"
Nintendo - Nintendo 3DS.dat,4984,Hotel Transylvania (United Kingdom),United Kingdom,CTR-P-AH8X,AH8X,False,,hotel_transylvania,4,ambiguous_core_match,"00040000000B1B00:Hotel Transylvania (Europe) (En,Fr,De,It) | 00040000000BF600:Hotel Transylvania (Europe) (En,Fr,Nl) | 00040000000A2600:Hotel Transylvania (USA) | 00040000000A2600:Hotel Transylvania (USA) (Rev 1)"
Nintendo - Nintendo 3DS.dat,5166,"Imagine Collection (Europe) (En,Fr,De,Es,Nl,Sv,No,Da) (Rev 1)",Europe,,,False,,imagine_collection,1,unique_core_match,"0004000000150A00:Imagine Collection (Europe) (En,Fr,De,Es,Nl,Sv,No,Da)"
Nintendo - Nintendo 3DS.dat,5812,"Kirby Battle Royale (USA) (En,Ja,Fr,De,Es,It,Nl,Ko) (Rev 2)",USA,AJ8E,,False,,kirby_battle_royale,2,ambiguous_core_match,"00040000001C2100:Kirby Battle Royale (Europe) (En,Fr,De,Es,It,Nl) | 00040000001C2000:Kirby Battle Royale (USA)"
Nintendo - Nintendo 3DS.dat,5841,Kobito Dukan - Kobito Kansatsu Set (Japan),Japan,,,False,,kobito_dukan_kobito_kansatsu_set,1,unique_core_match,0004000000095B00:Kobito Dukan - Kobito Kansatsu Set (Japan) (Rev 1)
Nintendo - Nintendo 3DS.dat,6028,"LEGO Batman 2 - DC Super Heroes (Canada) (En,Fr-CA)",Canada,ALBZ,,False,,lego_batman_2_dc_super_heroes,8,ambiguous_core_match,"000400000005A400:LEGO Batman 2 - DC Super Heroes (Europe) (En,Fr,De,Es,It,Nl,Da) | 000400000005A400:LEGO Batman 2 - DC Super Heroes (Europe) (En,Fr,De,Es,It,Nl,Da) (Rev 1) | 0004000000098500:LEGO Batman 2 - DC Super Heroes (France) (En,Fr) | 0004000000098500:LEGO Batman 2 - DC Super Heroes (France) (En,Fr) (Rev 1) | 0004000000098600:LEGO Batman 2 - DC Super Heroes (Germany) (En,De)"
Nintendo - Nintendo 3DS.dat,6169,LEGO City Undercover - The Chase Begins (Korea),Korea,CTR-P-AA8K,AA8K,False,,lego_city_undercover_the_chase_begins,3,ambiguous_core_match,"00040000000AD600:LEGO City Undercover - The Chase Begins (Europe) (En,Fr,De,Es,It,Nl,Pt,Da,Ru) | 0004000000154700:LEGO City Undercover - The Chase Begins (Japan) | 00040000000AD500:LEGO City Undercover - The Chase Begins (USA) (En,Fr,Es)"
Nintendo - Nintendo 3DS.dat,6488,"LEGO Ninjago - L'Ombre de Ronin (France) (En,Fr,De,Es,It,Nl,Da) (Rev 1)",France,,,False,,lego_ninjago_l_ombre_de_ronin,1,unique_core_match,"000400000014E800:LEGO Ninjago - L'Ombre de Ronin (France) (En,Fr,De,Es,It,Nl,Da)"
Nintendo - Nintendo 3DS.dat,6723,"LEGO Star Wars - The Force Awakens (Europe) (En,Fr,De,Es,It,Nl,Da) (Beta)",Europe,,,False,,lego_star_wars_the_force_awakens,2,ambiguous_core_match,"000400000017ED00:LEGO Star Wars - The Force Awakens (Europe) (En,Fr,De,Es,It,Nl,Da) | 000400000017F900:LEGO Star Wars - The Force Awakens (USA)"
Nintendo - Nintendo 3DS.dat,8086,Mighty Switch Force! (USA) (Beta),USA,CTR-B-9DJN,9DJN,False,,mighty_switch_force,2,ambiguous_core_match,"0004000000072700:Mighty Switch Force! (Europe) (En,Fr,De,Es,It) (eShop) | 0004000000066300:Mighty Switch Force! (USA) (eShop)"
Nintendo - Nintendo 3DS.dat,9096,"Nintendo presents - New Style Boutique 2 - Fashion Forward (Europe) (En,Fr,De,Es,It) (Rev 1)",Europe,,,False,,nintendo_presents_new_style_boutique_2_fashion_forward,1,unique_core_match,"000400000016A100:Nintendo presents - New Style Boutique 2 - Fashion Forward (Europe) (En,Fr,De,Es,It)"
Nintendo - Nintendo 3DS.dat,10282,"Pokemon Omega Ruby (Europe) (En,Ja,Fr,De,Es,It,Ko) (Rev 2)",Europe,CTR-P-ECRP,ECRP,False,,pokemon_omega_ruby,5,ambiguous_core_match,"000400000011C400:Pokemon Omega Ruby (Japan) (En,Ja,Fr,De,Es,It,Ko) (Rev 2) | 000400000011C400:Pokemon Omega Ruby (Korea) (En,Ja,Fr,De,Es,It,Ko) (Rev 2) | 000400000011C400:Pokemon Omega Ruby (Taiwan) (En,Ja,Fr,De,Es,It,Ko) (Rev 2) | 000400000011C400:Pokemon Omega Ruby (USA) (En,Ja,Fr,De,Es,It,Ko) (Rev 2) | 000400000011C400:Pokemon - Omega Ruby (World) (En,Ja,Fr,De,Es,It,Ko) (Legit CIA)"
Nintendo - Nintendo 3DS.dat,10359,"Pokemon Rumble World (Japan) (Beta) (trunk, 34356M)",Japan,CTR-P-KCFJ,KCFJ,False,,pokemon_rumble_world,7,ambiguous_core_match,"0004000000185A00:Pokemon Rumble World (Europe) (En,Fr,De,Es,It) | 0004000000164600:Pokemon Rumble World (Japan) (Beta) (branches-TPC20150716, 36474) | 0004000000164600:Pokemon Rumble World (Japan) (Beta) (branches-TPC20150716, 36474) (Alt) | 0004000000164600:Pokemon Rumble World (Japan) (Beta) (trunk, 34961M) | 0004000000185A00:Pokemon Rumble World (USA)"
Nintendo - Nintendo 3DS.dat,10836,Professeur Layton et le Masque des Miracles (France) (Rev 1),France,,,False,,professeur_layton_et_le_masque_des_miracles,1,unique_core_match,00040000000A8800:Professeur Layton et le Masque des Miracles (France)
Nintendo - Nintendo 3DS.dat,10975,Project Cross Zone 2 (Korea),Korea,CTR-P-BX2K,BX2K,False,,project_cross_zone_2,0,none,
Nintendo - Nintendo 3DS.dat,11245,"Rabbids 3D (Europe) (En,Fr,De,Es,It,Nl,Pt,Sv,No,Da) (Rev 1)",Europe,,,False,,rabbids_3d,1,unique_core_match,"0004000000037700:Rabbids 3D (Europe) (En,Fr,De,Es,It,Nl,Pt,Sv,No,Da)"
Nintendo - Nintendo 3DS.dat,11410,"Reel Fishing Paradise 3D (Europe) (En,Fr,De,Es,It,Pt) (Rev 1)",Europe,,,False,,reel_fishing_paradise_3d,2,ambiguous_core_match,"000400000005F600:Reel Fishing Paradise 3D (Europe) (En,Fr,De,Es,It,Pt) | 0004000000048D00:Reel Fishing Paradise 3D (USA)"
Nintendo - Nintendo 3DS.dat,12782,Spider-Man - Edge of Time (Canada),Canada,CTR-P-AS7Z,AS7Z,False,,spider_man_edge_of_time,2,ambiguous_core_match,"0004000000065100:Spider-Man - Edge of Time (Europe) (En,De,Es,It) | 0004000000061A00:Spider-Man - Edge of Time (USA)"
Nintendo - Nintendo 3DS.dat,13203,Super Mario (USA) (Beta) (E3 2011 demo),USA,CTR-P-CTAP,CTAP,False,,super_mario,0,none,
Nintendo - Nintendo 3DS.dat,13274,Super Mario 3D Land (Taiwan) (Jp Region Lock),Taiwan,CTR-P-AREZ,AREZ,False,,super_mario_3d_land,12,ambiguous_core_match,"0004000000053F00:Super Mario 3D Land (Europe) (En,Fr,De,Es,It,Nl,Pt,Ru) | 0004000000053F00:Super Mario 3D Land (Europe) (En,Fr,De,Es,It,Nl,Pt,Ru) (Rev 1) | 0004000000053F00:Super Mario 3D Land (Europe) (En,Fr,De,Es,It,Nl,Pt,Ru) (Rev 2) | 0004000000054100:Super Mario 3D Land (Japan) | 0004000000054100:Super Mario 3D Land (Japan) (Rev 1)"
Nintendo - Nintendo 3DS.dat,14590,WWE Brawl (World) (Proto),,CTR-P-CTAP,CTAP,False,,wwe_brawl,0,none,
Nintendo - Nintendo 3DS.dat,14934,Yo-Kai Watch 3 (France),France,CTR-P-ALZF,ALZF,False,,yo_kai_watch_3,2,ambiguous_core_match,00040000001D6800:Yo-Kai Watch 3 (Europe) | 00040000001D6700:Yo-Kai Watch 3 (USA)
Nintendo - Nintendo 3DS.dat,14941,Yo-Kai Watch 3 (Germany),Germany,CTR-P-ALZD,ALZD,False,,yo_kai_watch_3,2,ambiguous_core_match,00040000001D6800:Yo-Kai Watch 3 (Europe) | 00040000001D6700:Yo-Kai Watch 3 (USA)
Nintendo - Nintendo 3DS.dat,14948,Yo-Kai Watch 3 (Italy),Italy,CTR-P-ALZI,ALZI,False,,yo_kai_watch_3,2,ambiguous_core_match,00040000001D6800:Yo-Kai Watch 3 (Europe) | 00040000001D6700:Yo-Kai Watch 3 (USA)
Nintendo - Nintendo 3DS.dat,14955,Yo-Kai Watch 3 (Spain),Spain,CTR-P-ALZS,ALZS,False,,yo_kai_watch_3,2,ambiguous_core_match,00040000001D6800:Yo-Kai Watch 3 (Europe) | 00040000001D6700:Yo-Kai Watch 3 (USA)
Nintendo - Nintendo 3DS (Digital).dat,107,3D After Burner II (Japan) (eShop) (Encrypted CIA),Japan,,,False,,3d_after_burner_ii,1,unique_core_match,0004000000157A00:3D After Burner II (Europe) (eShop)
Nintendo - Nintendo 3DS (Digital).dat,114,3D After Burner II (USA) (eShop) (Encrypted CIA),USA,,,False,,3d_after_burner_ii,1,unique_core_match,0004000000157A00:3D After Burner II (Europe) (eShop)
Nintendo - Nintendo 3DS (Digital).dat,883,Attack on Titan - Humanity in Chains (USA) (eShop),USA,CTR-N-BG2E,BG2E,False,,attack_on_titan_humanity_in_chains,0,none,
Nintendo - Nintendo 3DS (Digital).dat,1280,Boulder Dash-XL 3D (USA) (eShop),USA,CTR-N-ABZZ,ABZZ,False,,boulder_dash_xl_3d,2,ambiguous_core_match,"0004000000090A00:Boulder Dash-XL 3D (Europe) (En,Fr,De,Es,It) | 000400000004AF00:Boulder Dash-XL 3D (USA)"
Nintendo - Nintendo 3DS (Digital).dat,1805,Conception II - Children of the Seven Stars (Europe) (eShop),Europe,CTR-N-BCCP,BCCP,False,,conception_ii_children_of_the_seven_stars,1,unique_core_match,0004000000112C00:Conception II - Children of the Seven Stars (USA)
Nintendo - Nintendo 3DS (Digital).dat,2230,Donkey Kong - Original Edition (USA) (NES) (Virtual Console),USA,CTR-N-TAFE,TAFE,False,,donkey_kong_original_edition,0,none,
Nintendo - Nintendo 3DS (Digital).dat,2372,Edge (USA) (eShop),USA,CTR-N-JEGE,JEGE,False,,edge,2,ambiguous_core_match,"0004000000108A00:Edge (Europe) (En,Fr,De,Es,It,Nl,Pt) (Rev 1) (eShop) | 0004000000108A00:Edge (Europe) (En,Fr,De,Es,It,Nl,Pt) (eShop)"
Nintendo - Nintendo 3DS (Digital).dat,2425,Eurosport (Europe) (Rev 1) (eShop),Europe,CTR-N-JEWP,JEWP,False,,eurosport,0,none,
Nintendo - Nintendo 3DS (Digital).dat,2433,Eurosport (Europe) (eShop),Europe,CTR-N-JEWP,JEWP,False,,eurosport,0,none,
Nintendo - Nintendo 3DS (Digital).dat,2468,F-Zero - Maximum Velocity (Europe) (GBA) (Virtual Console),Europe,CTR-N-PAAP,PAAP,False,,f_zero_maximum_velocity,1,unique_core_match,0004000000074900:F-Zero - Maximum Velocity (USA) (GBA) (Virtual Console)
Nintendo - Nintendo 3DS (Digital).dat,2596,"Fire Emblem - The Sacred Stones (Europe) (En,Fr,De,Es,It) (GBA) (Virtual Console)",Europe,CTR-N-PAJP,PAJP,False,,fire_emblem_the_sacred_stones,1,unique_core_match,0004000000076A00:Fire Emblem - The Sacred Stones (USA) (GBA) (Virtual Console)
Nintendo - Nintendo 3DS (Digital).dat,2659,"Flipnote Studio 3D (Europe) (En,Fr,De,Es,It) (Rev 1) (eShop)",Europe,CTR-N-JKZP,JKZP,False,,flipnote_studio_3d,1,unique_core_match,00040000000C6600:Flipnote Studio 3D (USA) (eShop)
Nintendo - Nintendo 3DS (Digital).dat,2668,"Flipnote Studio 3D (Europe) (En,Fr,De,Es,It) (eShop)",Europe,CTR-N-JKZP,JKZP,False,,flipnote_studio_3d,1,unique_core_match,00040000000C6600:Flipnote Studio 3D (USA) (eShop)
Nintendo - Nintendo 3DS (Digital).dat,2750,"Freakyforms - Your Creations, Alive! (USA) (Rev 1) (eShop)",USA,CTR-N-JPTE,JPTE,False,,freakyforms_your_creations_alive,0,none,
Nintendo - Nintendo 3DS (Digital).dat,2759,"Freakyforms - Your Creations, Alive! (USA) (Rev 2) (eShop)",USA,CTR-N-JPTE,JPTE,False,,freakyforms_your_creations_alive,0,none,
Nintendo - Nintendo 3DS (Digital).dat,2768,"Freakyforms - Your Creations, Alive! (USA) (eShop)",USA,CTR-N-JPTE,JPTE,False,,freakyforms_your_creations_alive,0,none,
Nintendo - Nintendo 3DS (Digital).dat,3405,Initial D Perfect Shift Online (Japan) (eShop),Japan,CTR-N-JYDJ,JYDJ,False,,initial_d_perfect_shift_online,0,none,
Nintendo - Nintendo 3DS (Digital).dat,3442,Isshoni Photo Doubutsu no Mori (Japan) (eShop),Japan,CTR-N-JFKJ,JFKJ,False,,isshoni_photo_doubutsu_no_mori,0,none,
Nintendo - Nintendo 3DS (Digital).dat,3450,Isshoni Photo Pikmin (Japan) (eShop),Japan,CTR-N-JAWJ,JAWJ,False,,isshoni_photo_pikmin,0,none,
Nintendo - Nintendo 3DS (Digital).dat,3458,Isshoni Photo Super Mario (Japan) (eShop),Japan,CTR-N-NACJ,NACJ,False,,isshoni_photo_super_mario,0,none,
Nintendo - Nintendo 3DS (Digital).dat,3529,"Johnny's Payday Panic (Europe) (En,Fr,De,Es,It) (eShop)",Europe,CTR-N-KAKP,KAKP,False,,johnny_s_payday_panic,0,none,
Nintendo - Nintendo 3DS (Digital).dat,3681,Kirby & The Amazing Mirror (Europe) (GBA) (Virtual Console),Europe,CTR-N-PAGP,PAGP,False,,kirby_the_amazing_mirror,1,unique_core_match,0004000000075C00:Kirby & the Amazing Mirror (USA) (GBA) (Virtual Console)
Nintendo - Nintendo 3DS (Digital).dat,3707,Kirby - Right Back At Ya! (USA) (eShop) (Video),USA,CTR-N-SRBE,SRBE,False,,kirby_right_back_at_ya,0,none,
Nintendo - Nintendo 3DS (Digital).dat,4030,"Legend of Zelda, The - The Minish Cap (Europe) (En,Fr,De,Es,It) (GBA) (Virtual Console)",Europe,CTR-N-PAKP,PAKP,False,,legend_of_zelda_the_the_minish_cap,1,unique_core_match,"0004000000076D00:Legend of Zelda, The - The Minish Cap (USA) (GBA) (Virtual Console)"
Nintendo - Nintendo 3DS (Digital).dat,4233,Mario Kart - Super Circuit (Europe) (GBA) (Virtual Console),Europe,CTR-N-PABP,PABP,False,,mario_kart_super_circuit,1,unique_core_match,0004000000074C00:Mario Kart - Super Circuit (USA) (GBA) (Virtual Console)
Nintendo - Nintendo 3DS (Digital).dat,4251,Mario Kart 7 (China),China,CTR-N-JMKC,JMKC,False,,mario_kart_7,12,ambiguous_core_match,"0004000000030700:Mario Kart 7 (Europe) (En,Fr,De,Es,It,Nl,Pt,Ru) | 0004000000030700:Mario Kart 7 (Europe) (En,Fr,De,Es,It,Nl,Pt,Ru) (Rev 1) | 0004000000030700:Mario Kart 7 (Europe) (En,Fr,De,Es,It,Nl,Pt,Ru) (Rev 2) | 0004000000030600:Mario Kart 7 (Japan) | 0004000000030600:Mario Kart 7 (Japan) (Rev 1)"
Nintendo - Nintendo 3DS (Digital).dat,4343,Mario vs. Donkey Kong (Europe) (GBA) (Virtual Console),Europe,CTR-N-PAHP,PAHP,False,,mario_vs_donkey_kong,2,ambiguous_core_match,0004000000076600:Mario vs. Donkey Kong (Japan) (GBA) (Virtual Console) | 0004000000076700:Mario vs. Donkey Kong (USA) (GBA) (Virtual Console)
Nintendo - Nintendo 3DS (Digital).dat,4558,"Metroid Fusion (Europe) (En,Fr,De,Es,It) (GBA) (Virtual Console)",Europe,CTR-N-PAEP,PAEP,False,,metroid_fusion,2,ambiguous_core_match,0004000000075500:Metroid Fusion (Japan) (GBA) (Virtual Console) | 0004000000075600:Metroid Fusion (USA) (GBA) (Virtual Console)
Nintendo - Nintendo 3DS (Digital).dat,4924,"My Nintendo Picross - The Legend of Zelda - Twilight Princess (World) (En,Ja,Fr,De,Es,It) (eShop)",,CTR-N-JHXA,JHXA,False,,my_nintendo_picross_the_legend_of_zelda_twilight_princess,0,none,
Nintendo - Nintendo 3DS (Digital).dat,5224,"Nintendo Anime Channel (Europe) (En,Fr,De,Es,It,Nl,Pt,Ru) (eShop)",Europe,CTR-N-KLTP,KLTP,False,,nintendo_anime_channel,0,none,
Nintendo - Nintendo 3DS (Digital).dat,5290,Nintendo Video (Europe) (Rev 1) (eShop),Europe,CTR-N-JESP,JESP,False,,nintendo_video,1,unique_core_match,"000400000004AA00:Nintendo Video (USA) (En,Fr,Es) (eShop)"
Nintendo - Nintendo 3DS (Digital).dat,5299,Nintendo Video (Europe) (eShop),Europe,CTR-N-JESP,JESP,False,,nintendo_video,1,unique_core_match,"000400000004AA00:Nintendo Video (USA) (En,Fr,Es) (eShop)"
Nintendo - Nintendo 3DS (Digital).dat,5317,Nisekoi Manga Vol.1 (France) (eShop),France,CTR-N-KNFF,KNFF,False,,nisekoi_manga_vol_1,0,none,
Nintendo - Nintendo 3DS (Digital).dat,5379,Order Up!! (USA) (eShop),USA,CTR-N-JUPE,JUPE,False,,order_up,1,unique_core_match,"0004000000065200:Order Up!! (Europe) (En,Fr,De,Es,It)"
Nintendo - Nintendo 3DS (Digital).dat,5540,Photos with Mario (Europe) (eShop),Europe,CTR-N-NACP,NACP,False,,photos_with_mario,1,unique_core_match,"0004000000130500:Photos with Mario (USA) (En,Fr,Es) (eShop)"
Nintendo - Nintendo 3DS (Digital).dat,6275,Rabi Laby 3 (USA) (eShop),USA,CTR-N-JR3E,JR3E,False,,rabi_laby_3,1,unique_core_match,00040000000FCC00:Rabi Laby 3 (Europe) (eShop)
Nintendo - Nintendo 3DS (Digital).dat,6402,Rising Board 3D (USA) (eShop),USA,CTR-N-JRBE,JRBE,False,,rising_board_3d,1,unique_core_match,"00040000000B0D00:Rising Board 3D (Europe) (En,Fr,De,Es,It) (eShop)"
Nintendo - Nintendo 3DS (Digital).dat,7374,Super Mario 3D Land (China),China,CTR-N-JREC,JREC,False,,super_mario_3d_land,12,ambiguous_core_match,"0004000000053F00:Super Mario 3D Land (Europe) (En,Fr,De,Es,It,Nl,Pt,Ru) | 0004000000053F00:Super Mario 3D Land (Europe) (En,Fr,De,Es,It,Nl,Pt,Ru) (Rev 1) | 0004000000053F00:Super Mario 3D Land (Europe) (En,Fr,De,Es,It,Nl,Pt,Ru) (Rev 2) | 0004000000054100:Super Mario 3D Land (Japan) | 0004000000054100:Super Mario 3D Land (Japan) (Rev 1)"
Nintendo - Nintendo 3DS (Digital).dat,7745,Tetris (Europe) (GB) (Virtual Console),Europe,CTR-N-RBSP,RBSP,False,,tetris,3,ambiguous_core_match,"000400000004C100:Tetris (Europe) (En,Fr,De,Es,It,Nl) | 000400000004C100:Tetris (Europe) (En,Fr,De,Es,It,Nl) (Rev 1) | 0004000000039E00:Tetris (Japan)"
Nintendo - Nintendo 3DS (Digital).dat,7754,Tetris (USA) (GB) (Virtual Console),USA,CTR-N-RBSE,RBSE,False,,tetris,3,ambiguous_core_match,"000400000004C100:Tetris (Europe) (En,Fr,De,Es,It,Nl) | 000400000004C100:Tetris (Europe) (En,Fr,De,Es,It,Nl) (Rev 1) | 0004000000039E00:Tetris (Japan)"
Nintendo - Nintendo 3DS (Digital).dat,7874,"Tomodachi Life - Welcome Version (Europe) (En,Fr,De,Es,It) (Rev 1) (eShop)",Europe,CTR-N-NC6P,NC6P,False,,tomodachi_life_welcome_version,0,none,
Nintendo - Nintendo 3DS (Digital).dat,7883,"Tomodachi Life - Welcome Version (Europe) (En,Fr,De,Es,It) (Rev 2) (eShop)",Europe,CTR-N-NC6P,NC6P,False,,tomodachi_life_welcome_version,0,none,
Nintendo - Nintendo 3DS (Digital).dat,7892,"Tomodachi Life - Welcome Version (Europe) (En,Fr,De,Es,It) (eShop)",Europe,CTR-N-NC6P,NC6P,False,,tomodachi_life_welcome_version,0,none,
Nintendo - Nintendo 3DS (Digital).dat,7910,Touzoku to 1000-Biki no Pokemon (Japan) (eShop),Japan,CTR-N-KZAJ,KZAJ,False,,touzoku_to_1000_biki_no_pokemon,0,none,
Nintendo - Nintendo 3DS (Digital).dat,8156,Wario Land 4 (Europe) (GBA) (Virtual Console),Europe,CTR-N-PACP,PACP,False,,wario_land_4,1,unique_core_match,0004000000074F00:Wario Land 4 (USA) (GBA) (Virtual Console)
Nintendo - Nintendo 3DS (Digital).dat,8193,"Wario Ware, Inc - Minigame Mania (Europe) (GBA) (Virtual Console)",Europe,CTR-N-PAFP,PAFP,False,,wario_ware_inc_minigame_mania,0,none,
Nintendo - Nintendo 3DS (Digital).dat,8356,"Yoshi's Island - Super Mario Advance 3 (Europe) (En,Fr,De,Es,It) (GBA) (Virtual Console)",Europe,CTR-N-PADP,PADP,False,,yoshi_s_island_super_mario_advance_3,1,unique_core_match,0004000000075300:Yoshi's Island - Super Mario Advance 3 (USA) (GBA) (Virtual Console)
